started_at,rep,clip,native_resolution,processed_resolution,weights,format,imgsz,frames,mean_fps,median_fps,p10_fps,min_fps,hostname,cpu,power_plan
2026-10-04T22:35:33.212952,1,1.mp4,848x478,640x480,theia_yolov8n.pt,pt,320,540,26.51,26.1,23.83,18.06,LordEREN0314,13th Gen Intel(R) Core(TM) i5-13450HX,Balanced
2026-10-04T22:36:01.259303,1,1.mp4,848x478,640x480,theia_yolov8n.onnx,onnx,320,540,26.28,26.48,20.82,15.04,LordEREN0314,13th Gen Intel(R) Core(TM) i5-13450HX,Balanced
2026-10-04T22:36:28.370197,1,v10.mp4,1920x1080,640x480,theia_yolov8n.pt,pt,320,540,34.75,36.44,24.92,15.07,LordEREN0314,13th Gen Intel(R) Core(TM) i5-13450HX,Balanced
2026-10-04T22:36:52.431767,1,v10.mp4,1920x1080,640x480,theia_yolov8n.onnx,onnx,320,540,36.31,39.48,26.59,14.18,LordEREN0314,13th Gen Intel(R) Core(TM) i5-13450HX,Balanced
2026-10-04T22:37:16.675750,1,v11.mp4,1920x1080,640x480,theia_yolov8n.pt,pt,320,540,30.89,27.96,24.32,18.48,LordEREN0314,13th Gen Intel(R) Core(TM) i5-13450HX,Balanced
2026-10-04T22:37:42.686404,1,v11.mp4,1920x1080,640x480,theia_yolov8n.onnx,onnx,320,540,29.86,26.82,20.5,10.18,LordEREN0314,"Intel64 Family 6 Model 183 Stepping 1, GenuineIntel",Balanced
2026-10-04T22:38:12.369877,1,v1_standard.mp4,3840x2160,640x480,theia_yolov8n.pt,pt,320,540,30.56,29.91,23.28,13.3,LordEREN0314,13th Gen Intel(R) Core(TM) i5-13450HX,Balanced
2026-10-04T22:40:55.952326,1,v2_occlusion.mp4,3840x2160,640x480,theia_yolov8n.pt,pt,320,540,30.05,27.47,24.09,18.3,LordEREN0314,13th Gen Intel(R) Core(TM) i5-13450HX,Balanced
2026-10-04T22:41:38.252704,1,v2_occlusion.mp4,3840x2160,640x480,theia_yolov8n.onnx,onnx,320,540,29.93,27.28,21.26,14.78,LordEREN0314,13th Gen Intel(R) Core(TM) i5-13450HX,Balanced
2026-10-04T22:42:23.345865,1,v3_harsh_light.mp4,3840x2160,640x480,theia_yolov8n.pt,pt,320,540,31.92,30.96,24.3,16.83,LordEREN0314,13th Gen Intel(R) Core(TM) i5-13450HX,Balanced
2026-10-04T22:43:06.561931,1,v3_harsh_light.mp4,3840x2160,640x480,theia_yolov8n.onnx,onnx,320,540,31.76,28.23,21.16,14.87,LordEREN0314,13th Gen Intel(R) Core(TM) i5-13450HX,Balanced
2026-10-04T22:43:51.420164,1,v4_distractors.mp4,3840x2160,640x480,theia_yolov8n.pt,pt,320,540,29.58,27.62,24.03,17.7,LordEREN0314,13th Gen Intel(R) Core(TM) i5-13450HX,Balanced
2026-10-04T22:44:36.529180,1,v4_distractors.mp4,3840x2160,640x480,theia_yolov8n.onnx,onnx,320,540,26.09,25.87,16.69,11.95,LordEREN0314,13th Gen Intel(R) Core(TM) i5-13450HX,Balanced
2026-10-04T22:45:25.260124,1,v6_rotated_90.mp4,3840x2160,640x480,theia_yolov8n.pt,pt,320,540,34.64,36.6,26.29,19.67,LordEREN0314,13th Gen Intel(R) Core(TM) i5-13450HX,Balanced
2026-10-04T22:46:04.952163,1,v6_rotated_90.mp4,3840x2160,640x480,theia_yolov8n.onnx,onnx,320,540,31.69,30.63,20.5,10.26,LordEREN0314,13th Gen Intel(R) Core(TM) i5-13450HX,Balanced
2026-10-04T22:46:49.436312,1,v7.mp4,1920x1080,640x480,theia_yolov8n.pt,pt,320,540,31.81,28.95,24.04,17.1,LordEREN0314,13th Gen Intel(R) Core(TM) i5-13450HX,Balanced
2026-10-04T22:47:14.817555,1,v7.mp4,1920x1080,640x480,theia_yolov8n.onnx,onnx,320,540,32.81,28.19,25.72,16.62,LordEREN0314,13th Gen Intel(R) Core(TM) i5-13450HX,Balanced
2026-10-04T22:47:40.677346,1,v8.mp4,1920x1080,640x480,theia_yolov8n.pt,pt,320,540,36.09,38.65,25.82,16.88,LordEREN0314,13th Gen Intel(R) Core(TM) i5-13450HX,Balanced
2026-10-04T22:48:03.759193,1,v8.mp4,1920x1080,640x480,theia_yolov8n.onnx,onnx,320,540,37.14,40.05,26.9,16.43,LordEREN0314,13th Gen Intel(R) Core(TM) i5-13450HX,Balanced
2026-10-04T22:48:27.558905,1,v9.mp4,1920x1080,640x480,theia_yolov8n.pt,pt,320,540,30.65,28.01,23.78,5.29,LordEREN0314,13th Gen Intel(R) Core(TM) i5-13450HX,Balanced
2026-10-04T22:48:53.851291,1,v9.mp4,1920x1080,640x480,theia_yolov8n.onnx,onnx,320,540,30.59,27.09,25.23,15.73,LordEREN0314,13th Gen Intel(R) Core(TM) i5-13450HX,Balanced
2026-10-04T22:49:20.914921,2,1.mp4,848x478,640x480,theia_yolov8n.pt,pt,320,540,27.06,26.91,23.71,15.8,LordEREN0314,13th Gen Intel(R) Core(TM) i5-13450HX,Balanced
2026-10-04T22:49:46.582027,2,1.mp4,848x478,640x480,theia_yolov8n.onnx,onnx,320,540,26.94,26.68,21.65,16.36,LordEREN0314,13th Gen Intel(R) Core(TM) i5-13450HX,Balanced
2026-10-04T22:50:12.809217,2,v10.mp4,1920x1080,640x480,theia_yolov8n.pt,pt,320,540,36.33,38.2,27.75,18.74,LordEREN0314,13th Gen Intel(R) Core(TM) i5-13450HX,Balanced
2026-10-04T22:50:35.326678,2,v10.mp4,1920x1080,640x480,theia_yolov8n.onnx,onnx,320,540,37.22,40.13,27.13,15.28,LordEREN0314,13th Gen Intel(R) Core(TM) i5-13450HX,Balanced
2026-10-04T22:50:58.849199,2,v11.mp4,1920x1080,640x480,theia_yolov8n.pt,pt,320,540,31.54,28.6,23.96,17.11,LordEREN0314,13th Gen Intel(R) Core(TM) i5-13450HX,Balanced
2026-10-04T22:51:24.060616,2,v11.mp4,1920x1080,640x480,theia_yolov8n.onnx,onnx,320,540,32.21,27.92,25.68,16.4,LordEREN0314,13th Gen Intel(R) Core(TM) i5-13450HX,Balanced
2026-10-04T22:51:50.201638,2,v1_standard.mp4,3840x2160,640x480,theia_yolov8n.pt,pt,320,540,32.68,33.98,24.61,15.56,LordEREN0314,13th Gen Intel(R) Core(TM) i5-13450HX,Balanced
2026-10-04T22:52:31.284958,2,v1_standard.mp4,3840x2160,640x480,theia_yolov8n.onnx,onnx,320,540,33.52,29.28,25.47,14.91,LordEREN0314,13th Gen Intel(R) Core(TM) i5-13450HX,Balanced
2026-10-04T22:53:14.467636,2,v2_occlusion.mp4,3840x2160,640x480,theia_yolov8n.pt,pt,320,540,30.46,27.8,24.23,17.03,LordEREN0314,13th Gen Intel(R) Core(TM) i5-13450HX,Balanced
2026-10-04T22:53:56.236393,2,v2_occlusion.mp4,3840x2160,640x480,theia_yolov8n.onnx,onnx,320,540,30.01,27.2,21.36,16.25,LordEREN0314,13th Gen Intel(R) Core(TM) i5-13450HX,Balanced
2026-10-04T22:54:41.077491,2,v3_harsh_light.mp4,3840x2160,640x480,theia_yolov8n.pt,pt,320,540,32.5,33.62,24.95,15.99,LordEREN0314,13th Gen Intel(R) Core(TM) i5-13450HX,Balanced
2026-10-04T22:55:23.621016,2,v3_harsh_light.mp4,3840x2160,640x480,theia_yolov8n.onnx,onnx,320,540,32.06,28.01,21.63,14.67,LordEREN0314,13th Gen Intel(R) Core(TM) i5-13450HX,Balanced
2026-10-04T22:56:08.771333,2,v4_distractors.mp4,3840x2160,640x480,theia_yolov8n.pt,pt,320,540,29.53,27.55,24.19,16.83,LordEREN0314,13th Gen Intel(R) Core(TM) i5-13450HX,Balanced
2026-10-04T22:56:51.037174,2,v4_distractors.mp4,3840x2160,640x480,theia_yolov8n.onnx,onnx,320,540,29.17,27.3,21.26,14.74,LordEREN0314,13th Gen Intel(R) Core(TM) i5-13450HX,Balanced
2026-10-04T22:57:35.859462,2,v6_rotated_90.mp4,3840x2160,640x480,theia_yolov8n.pt,pt,320,540,34.5,36.94,25.64,19.34,LordEREN0314,13th Gen Intel(R) Core(TM) i5-13450HX,Balanced
2026-10-04T22:58:15.799562,2,v6_rotated_90.mp4,3840x2160,640x480,theia_yolov8n.onnx,onnx,320,540,35.13,39.85,25.25,14.61,LordEREN0314,13th Gen Intel(R) Core(TM) i5-13450HX,Balanced
2026-10-04T22:58:59.804444,2,v7.mp4,1920x1080,640x480,theia_yolov8n.pt,pt,320,540,32.12,30.27,24.5,18.78,LordEREN0314,13th Gen Intel(R) Core(TM) i5-13450HX,Balanced
2026-10-04T22:59:24.733687,2,v7.mp4,1920x1080,640x480,theia_yolov8n.onnx,onnx,320,540,32.78,28.24,25.37,15.94,LordEREN0314,13th Gen Intel(R) Core(TM) i5-13450HX,Balanced
2026-10-04T22:59:50.411870,2,v8.mp4,1920x1080,640x480,theia_yolov8n.pt,pt,320,540,36.07,38.29,26.01,14.85,LordEREN0314,13th Gen Intel(R) Core(TM) i5-13450HX,Balanced
2026-10-04T23:00:13.374355,2,v8.mp4,1920x1080,640x480,theia_yolov8n.onnx,onnx,320,540,37.04,40.29,26.56,14.85,LordEREN0314,13th Gen Intel(R) Core(TM) i5-13450HX,Balanced
2026-10-04T23:00:37.073190,2,v9.mp4,1920x1080,640x480,theia_yolov8n.pt,pt,320,540,31.16,28.45,24.54,17.01,LordEREN0314,13th Gen Intel(R) Core(TM) i5-13450HX,Balanced
2026-10-04T23:01:02.356557,2,v9.mp4,1920x1080,640x480,theia_yolov8n.onnx,onnx,320,540,30.93,27.21,25.8,15.01,LordEREN0314,13th Gen Intel(R) Core(TM) i5-13450HX,Balanced
2026-10-04T23:01:29.226412,3,1.mp4,848x478,640x480,theia_yolov8n.pt,pt,320,540,27.28,27.26,23.72,15.04,LordEREN0314,13th Gen Intel(R) Core(TM) i5-13450HX,Balanced
2026-10-04T23:01:54.555095,3,1.mp4,848x478,640x480,theia_yolov8n.onnx,onnx,320,540,27.34,26.85,25.59,20.31,LordEREN0314,13th Gen Intel(R) Core(TM) i5-13450HX,Balanced
2026-10-04T23:02:20.449225,3,v10.mp4,1920x1080,640x480,theia_yolov8n.pt,pt,320,540,36.7,38.77,26.96,18.22,LordEREN0314,13th Gen Intel(R) Core(TM) i5-13450HX,Balanced
2026-10-04T23:02:42.887427,3,v10.mp4,1920x1080,640x480,theia_yolov8n.onnx,onnx,320,540,37.09,39.85,27.18,13.32,LordEREN0314,13th Gen Intel(R) Core(TM) i5-13450HX,Balanced
2026-10-04T23:03:06.444381,3,v11.mp4,1920x1080,640x480,theia_yolov8n.pt,pt,320,540,31.87,28.76,24.98,15.89,LordEREN0314,13th Gen Intel(R) Core(TM) i5-13450HX,Balanced
2026-10-04T23:03:31.508892,3,v11.mp4,1920x1080,640x480,theia_yolov8n.onnx,onnx,320,540,32.15,27.91,24.94,16.58,LordEREN0314,13th Gen Intel(R) Core(TM) i5-13450HX,Balanced
2026-10-04T23:03:57.594139,3,v1_standard.mp4,3840x2160,640x480,theia_yolov8n.pt,pt,320,540,32.92,34.67,24.61,18.07,LordEREN0314,13th Gen Intel(R) Core(TM) i5-13450HX,Balanced
2026-10-04T23:04:38.407103,3,v1_standard.mp4,3840x2160,640x480,theia_yolov8n.onnx,onnx,320,540,32.25,28.37,24.19,15.39,LordEREN0314,13th Gen Intel(R) Core(TM) i5-13450HX,Balanced
2026-10-04T23:05:24.582948,3,v2_occlusion.mp4,3840x2160,640x480,theia_yolov8n.pt,pt,320,540,30.44,27.97,24.31,17.07,LordEREN0314,13th Gen Intel(R) Core(TM) i5-13450HX,Balanced
2026-10-04T23:06:08.622602,3,v2_occlusion.mp4,3840x2160,640x480,theia_yolov8n.onnx,onnx,320,540,30.35,27.46,21.35,13.46,LordEREN0314,13th Gen Intel(R) Core(TM) i5-13450HX,Balanced
2026-10-04T23:06:56.012866,3,v3_harsh_light.mp4,3840x2160,640x480,theia_yolov8n.pt,pt,320,540,31.87,33.13,24.11,19.13,LordEREN0314,13th Gen Intel(R) Core(TM) i5-13450HX,Balanced
2026-10-04T23:07:37.690499,3,v3_harsh_light.mp4,3840x2160,640x480,theia_yolov8n.onnx,onnx,320,540,32.25,28.44,24.06,15.08,LordEREN0314,13th Gen Intel(R) Core(TM) i5-13450HX,Balanced
2026-10-04T23:08:21.468148,3,v4_distractors.mp4,3840x2160,640x480,theia_yolov8n.pt,pt,320,540,29.06,27.31,23.36,16.22,LordEREN0314,13th Gen Intel(R) Core(TM) i5-13450HX,Balanced
2026-10-04T23:09:04.328829,3,v4_distractors.mp4,3840x2160,640x480,theia_yolov8n.onnx,onnx,320,540,28.79,26.88,20.98,14.42,LordEREN0314,13th Gen Intel(R) Core(TM) i5-13450HX,Balanced
2026-10-04T23:09:50.110046,3,v6_rotated_90.mp4,3840x2160,640x480,theia_yolov8n.pt,pt,320,540,34.2,36.41,25.81,19.29,LordEREN0314,13th Gen Intel(R) Core(TM) i5-13450HX,Balanced
2026-10-04T23:10:30.460713,3,v6_rotated_90.mp4,3840x2160,640x480,theia_yolov8n.onnx,onnx,320,540,34.61,38.79,25.38,13.36,LordEREN0314,13th Gen Intel(R) Core(TM) i5-13450HX,Balanced
2026-10-05T00:34:49.390557,4,v1_standard.mp4,3840x2160,640x480,theia_yolov8n.onnx,onnx,320,540,31.8,28.33,22.95,10.64,LordEREN0314,13th Gen Intel(R) Core(TM) i5-13450HX,Balanced
2026-10-05T00:35:40.783984,4,v7.mp4,1920x1080,640x480,theia_yolov8n.pt,pt,320,540,31.58,32.91,24.2,19.79,LordEREN0314,13th Gen Intel(R) Core(TM) i5-13450HX,Balanced
2026-10-05T00:36:06.444796,4,v7.mp4,1920x1080,640x480,theia_yolov8n.onnx,onnx,320,540,24.65,26.33,3.99,2.19,LordEREN0314,13th Gen Intel(R) Core(TM) i5-13450HX,Balanced
2026-10-05T00:37:02.618841,4,v8.mp4,1920x1080,640x480,theia_yolov8n.pt,pt,320,540,12.36,11.04,8.25,1.36,LordEREN0314,13th Gen Intel(R) Core(TM) i5-13450HX,Balanced
2026-10-05T00:38:07.294248,4,v8.mp4,1920x1080,640x480,theia_yolov8n.onnx,onnx,320,540,31.4,36.21,16.19,2.32,LordEREN0314,13th Gen Intel(R) Core(TM) i5-13450HX,Balanced
2026-10-05T00:38:54.269275,4,v9.mp4,1920x1080,640x480,theia_yolov8n.pt,pt,320,540,10.02,9.67,8.47,6.06,LordEREN0314,13th Gen Intel(R) Core(TM) i5-13450HX,Balanced
2026-10-05T00:40:04.642468,4,v9.mp4,1920x1080,640x480,theia_yolov8n.onnx,onnx,320,540,4.67,4.67,3.85,1.77,LordEREN0314,13th Gen Intel(R) Core(TM) i5-13450HX,Balanced
2026-10-05T00:42:23.296607,4,v1_standard.mp4,3840x2160,640x480,theia_yolov8n.pt,pt,640,540,19.64,19.67,15.84,7.0,LordEREN0314,13th Gen Intel(R) Core(TM) i5-13450HX,Balanced
2026-10-05T00:43:27.492546,4,v2_occlusion.mp4,3840x2160,640x480,theia_yolov8n.pt,pt,640,540,19.72,18.84,16.66,13.85,LordEREN0314,13th Gen Intel(R) Core(TM) i5-13450HX,Balanced
2026-10-05T00:44:22.602086,5,v1_standard.mp4,3840x2160,640x480,theia_yolov8n.pt,pt,640,540,21.01,21.54,17.52,13.59,LordEREN0314,13th Gen Intel(R) Core(TM) i5-13450HX,Balanced
2026-10-05T00:45:13.736773,5,v2_occlusion.mp4,3840x2160,640x480,theia_yolov8n.pt,pt,640,540,17.64,17.41,14.44,6.93,LordEREN0314,13th Gen Intel(R) Core(TM) i5-13450HX,Balanced
2026-10-05T00:46:16.531043,6,v1_standard.mp4,3840x2160,640x480,theia_yolov8n.pt,pt,640,540,19.49,19.97,14.72,10.8,LordEREN0314,13th Gen Intel(R) Core(TM) i5-13450HX,Balanced
2026-10-05T00:47:11.809684,6,v2_occlusion.mp4,3840x2160,640x480,theia_yolov8n.pt,pt,640,540,18.84,17.97,15.53,11.33,LordEREN0314,13th Gen Intel(R) Core(TM) i5-13450HX,Balanced
