started_at,rep,clip,native_resolution,processed_resolution,weights,format,imgsz,frames,mean_fps,median_fps,p10_fps,min_fps,hostname,cpu,power_plan,reason
2026-10-04T22:39:00.817460,1,v1_standard.mp4,3840x2160,640x480,theia_yolov8n.onnx,onnx,320,540,17.39,5.21,4.15,3.38,LordEREN0314,13th Gen Intel(R) Core(TM) i5-13450HX,Balanced,Cold start session initialization (5.21 fps)
2026-10-04T23:11:15.232251,3,v7.mp4,1920x1080,640x480,theia_yolov8n.pt,pt,320,540,22.33,23.2,9.55,7.66,LordEREN0314,13th Gen Intel(R) Core(TM) i5-13450HX,Balanced,Thermal throttling / background slowdown during rep 3 (23:11-23:18)
2026-10-04T23:11:56.707203,3,v7.mp4,1920x1080,640x480,theia_yolov8n.onnx,onnx,320,540,15.78,5.47,4.31,3.73,LordEREN0314,13th Gen Intel(R) Core(TM) i5-13450HX,Balanced,Thermal throttling / background slowdown during rep 3 (23:11-23:18)
2026-10-04T23:13:30.194881,3,v8.mp4,1920x1080,640x480,theia_yolov8n.pt,pt,320,540,17.69,13.43,9.81,7.55,LordEREN0314,13th Gen Intel(R) Core(TM) i5-13450HX,Balanced,Thermal throttling / background slowdown during rep 3 (23:11-23:18)
2026-10-04T23:14:18.036983,3,v8.mp4,1920x1080,640x480,theia_yolov8n.onnx,onnx,320,540,5.05,5.07,4.36,3.55,LordEREN0314,13th Gen Intel(R) Core(TM) i5-13450HX,Balanced,Thermal throttling / background slowdown during rep 3 (23:11-23:18)
2026-10-04T23:16:26.152205,3,v9.mp4,1920x1080,640x480,theia_yolov8n.pt,pt,320,540,11.05,10.0,9.42,6.6,LordEREN0314,13th Gen Intel(R) Core(TM) i5-13450HX,Balanced,Thermal throttling / background slowdown during rep 3 (23:11-23:18)
2026-10-04T23:17:29.226847,3,v9.mp4,1920x1080,640x480,theia_yolov8n.onnx,onnx,320,540,5.42,4.74,4.2,2.97,LordEREN0314,13th Gen Intel(R) Core(TM) i5-13450HX,Balanced,Thermal throttling / background slowdown during rep 3 (23:11-23:18)
2026-10-04T23:19:41.060461,1,v1_standard.mp4,3840x2160,640x480,theia_yolov8n.pt,pt,640,540,12.14,8.16,6.61,3.6,LordEREN0314,13th Gen Intel(R) Core(TM) i5-13450HX,Balanced,Thermal throttling during 640 runs (reps 1-2 throttled to ~7-8 fps)
2026-10-04T23:21:14.332101,1,v2_occlusion.mp4,3840x2160,640x480,theia_yolov8n.pt,pt,640,540,8.46,6.93,6.29,4.37,LordEREN0314,13th Gen Intel(R) Core(TM) i5-13450HX,Balanced,Thermal throttling during 640 runs (reps 1-2 throttled to ~7-8 fps)
2026-10-04T23:23:06.993670,2,v1_standard.mp4,3840x2160,640x480,theia_yolov8n.pt,pt,640,540,7.53,8.09,6.56,4.55,LordEREN0314,13th Gen Intel(R) Core(TM) i5-13450HX,Balanced,Thermal throttling during 640 runs (reps 1-2 throttled to ~7-8 fps)
2026-10-04T23:25:01.785603,2,v2_occlusion.mp4,3840x2160,640x480,theia_yolov8n.pt,pt,640,540,7.19,6.75,6.57,4.84,LordEREN0314,13th Gen Intel(R) Core(TM) i5-13450HX,Balanced,Thermal throttling during 640 runs (reps 1-2 throttled to ~7-8 fps)
2026-10-04T23:26:59.126422,3,v1_standard.mp4,3840x2160,640x480,theia_yolov8n.pt,pt,640,540,19.33,19.29,8.4,4.94,LordEREN0314,13th Gen Intel(R) Core(TM) i5-13450HX,Balanced,Thermal throttling during 640 runs (reps 1-2 throttled to ~7-8 fps)
2026-10-04T23:28:03.366402,3,v2_occlusion.mp4,3840x2160,640x480,theia_yolov8n.pt,pt,640,540,20.24,19.53,17.28,14.1,LordEREN0314,13th Gen Intel(R) Core(TM) i5-13450HX,Balanced,Thermal throttling during 640 runs (reps 1-2 throttled to ~7-8 fps)
